{
  "fit_name": "f13",
  "features": [
    "avg_rate",
    "peak_v",
    "fast_trough_v",
    "slow_trough_delta_v",
    "slow_trough_delta_time",
    "v_baseline",
    "width",
    "adapt",
    "latency",
    "isi_cv",
    "mean_isi",
    "first_isi"
  ],
  "channels": [
    { "mechanism": "Ih", "section": "soma", "parameter": "gbar", "min": 0, "max": 1e-1 },
    { "mechanism": "NaV", "section": "soma", "parameter": "gbar", "min": 0, "max": 15 },
    { "mechanism": "Kd", "section": "soma", "parameter": "gbar", "min": 0, "max": 1.0 },
    { "mechanism": "Kv2like", "section": "soma", "parameter": "gbar", "min": 0, "max": 1.0 },
    { "mechanism": "Kv3_1", "section": "soma", "parameter": "gbar", "min": 0, "max": 3.0 },
    { "mechanism": "K_T", "section": "soma", "parameter": "gbar", "min": 0, "max": 1.0 },
    { "mechanism": "Im_v2", "section": "soma", "parameter": "gbar", "min": 0, "max": 1e-1 },
    { "mechanism": "SK", "section": "soma", "parameter": "gbar", "min": 0, "max": 1.0 },
    { "mechanism": "Ca_HVA", "section": "soma", "parameter": "gbar", "min": 0, "max": 1e-3 },
    { "mechanism": "Ca_LVA", "section": "soma", "parameter": "gbar", "min": 0, "max": 1e-2 }
  ],
  "addl_params": [
    { "parameter": "gamma", "section": "soma", "mechanism": "CaDynamics", "min": 1e-7, "max": 0.05 },
    { "parameter": "decay", "section": "soma", "mechanism": "CaDynamics", "min":20, "max": 1000 },
    { "parameter": "g_pas", "section": "soma", "mechanism": "", "min": 1e-7, "max": 1e-3 },
    { "parameter": "g_pas", "section": "axon", "mechanism": "", "min": 1e-7, "max": 1e-3 },
    { "parameter": "g_pas", "section": "dend", "mechanism": "", "min": 1e-7, "max": 1e-3 },
    { "parameter": "g_pas", "section": "apic", "mechanism": "", "min": 1e-7, "max": 1e-3 }
  ],
  "conditions": [{
    "celsius": 34.0, 
    "erev": [
      {
        "ena": 53.0, 
        "section": "soma", 
        "ek": -107.0
      }
    ], 
    "v_init": -80
  }]
}