{
  "fit_name": "f6",
  "channels": [
    {
      "max": 0.1, 
      "section": "soma", 
      "parameter": "gbar", 
      "mechanism": "Im", 
      "min": 0
    }, 
    {
      "max": 0.1, 
      "section": "soma", 
      "parameter": "gbar", 
      "mechanism": "Ih", 
      "min": 0
    }, 
    {
      "max": 15, 
      "section": "soma", 
      "parameter": "gbar", 
      "mechanism": "NaTs", 
      "min": 0
    }, 
    {
      "max": 0.1, 
      "section": "soma", 
      "parameter": "gbar", 
      "mechanism": "Nap", 
      "min": 0
    }, 
    {
      "max": 1.0, 
      "section": "soma", 
      "parameter": "gbar", 
      "mechanism": "K_P", 
      "min": 0
    }, 
    {
      "max": 1.0, 
      "section": "soma", 
      "parameter": "gbar", 
      "mechanism": "K_T", 
      "min": 0
    }, 
    {
      "max": 1.0, 
      "section": "soma", 
      "parameter": "gbar", 
      "mechanism": "SK", 
      "min": 0
    }, 
    {
      "max": 3.0, 
      "section": "soma", 
      "parameter": "gbar", 
      "mechanism": "Kv3_1", 
      "min": 0
    }, 
    {
      "max": 0.001, 
      "section": "soma", 
      "parameter": "gbar", 
      "mechanism": "Ca_HVA", 
      "min": 0
    }, 
    {
      "max": 0.01, 
      "section": "soma", 
      "parameter": "gbar", 
      "mechanism": "Ca_LVA", 
      "min": 0
    }
  ], 
  "features": [
    "avg_rate",
    "peak_v",
    "fast_trough_v",
    "slow_trough_delta_v",
    "slow_trough_delta_time",
    "v_baseline",
    "width"
  ],
  "addl_params": [
    {
      "max": 0.05, 
      "section": "soma", 
      "parameter": "gamma", 
      "mechanism": "CaDynamics", 
      "min": 0
    }, 
    {
      "max": 1000, 
      "section": "soma", 
      "parameter": "decay", 
      "mechanism": "CaDynamics", 
      "min": 20
    }, 
    {
      "max": 0.001, 
      "section": "soma", 
      "parameter": "g_pas", 
      "mechanism": "", 
      "min": 1e-07
    }, 
    {
      "max": 0.001, 
      "section": "axon", 
      "parameter": "g_pas", 
      "mechanism": "", 
      "min": 1e-07
    }, 
    {
      "max": 0.001, 
      "section": "dend", 
      "parameter": "g_pas", 
      "mechanism": "", 
      "min": 1e-07
    }, 
    {
      "max": 0.001, 
      "section": "apic", 
      "parameter": "g_pas", 
      "mechanism": "", 
      "min": 1e-07
    }
  ], 
  "conditions": [{
    "celsius": 34.0, 
    "erev": [
      {
        "ena": 53.0, 
        "section": "soma", 
        "ek": -107.0
      }
    ], 
    "v_init": -80
  }]
}