{
  "autorest": "3.4.5",
  "use": [
    "@autorest/python@5.8.4",
    "@autorest/modelerfour@4.19.2"
  ],
  "commit": "d81e31601e4bcc061ac6436de40d97b7db5e4dd3",
  "repository_url": "https://github.com/Azure/azure-rest-api-specs",
  "autorest_command": "autorest specification/batch/resource-manager/readme.md --multiapi --python --python-mode=update --python-sdks-folder=/home/vsts/work/1/s/azure-sdk-for-python/sdk --track2 --use=@autorest/python@5.8.4 --use=@autorest/modelerfour@4.19.2 --version=3.4.5",
  "readme": "specification/batch/resource-manager/readme.md"
}