{
    "additionalProperties": false,
    "properties": {
        "cities": {
            "description": "Sometimes conferences and institutes are officially located in a\nlittle-known place, but their location is widely known as being in\na major neighboring city.  In this way, we can store information\nabout both the technically correct but little-known place and the\nwell-known but technically incorrect place.\n\nThe cities should be ordered from most specific to least specific.\n\n:example: ``[\"Batavia\", \"Chicago\"]``",
            "items": {
                "description": ":example: ``Geneva``",
                "minLength": 1,
                "title": "A city",
                "type": "string"
            },
            "minItems": 1,
            "title": "List of cities",
            "type": "array",
            "uniqueItems": true
        },
        "country_code": {
            "enum": [
                "BD",
                "BE",
                "BF",
                "BG",
                "BA",
                "BB",
                "WF",
                "JT",
                "BM",
                "BN",
                "BO",
                "WK",
                "BI",
                "BJ",
                "BT",
                "BU",
                "BV",
                "BW",
                "WS",
                "BQ",
                "BR",
                "BS",
                "JE",
                "BY",
                "BZ",
                "RU",
                "RW",
                "RS",
                "TL",
                "BL",
                "TM",
                "TJ",
                "RO",
                "RH",
                "TK",
                "GW",
                "GU",
                "GT",
                "GS",
                "GR",
                "GQ",
                "GP",
                "BH",
                "GY",
                "GG",
                "GF",
                "GE",
                "GD",
                "GB",
                "GA",
                "SV",
                "GN",
                "GM",
                "GL",
                "GI",
                "GH",
                "OM",
                "TN",
                "JM",
                "JO",
                "HR",
                "HV",
                "HT",
                "HU",
                "HK",
                "HN",
                "SU",
                "HM",
                "VD",
                "VE",
                "PR",
                "PS",
                "PW",
                "PT",
                "PU",
                "PZ",
                "PY",
                "PC",
                "PA",
                "PF",
                "PG",
                "PE",
                "PK",
                "PH",
                "PN",
                "PL",
                "PM",
                "ZM",
                "EH",
                "EE",
                "EG",
                "ZA",
                "EC",
                "IT",
                "VN",
                "SB",
                "ET",
                "SO",
                "ZW",
                "SA",
                "ZR",
                "ER",
                "ME",
                "MD",
                "MG",
                "MF",
                "IQ",
                "MC",
                "UZ",
                "MM",
                "ML",
                "MO",
                "MN",
                "MI",
                "MH",
                "MK",
                "MU",
                "MT",
                "MW",
                "MV",
                "MQ",
                "MP",
                "MS",
                "MR",
                "IM",
                "UG",
                "TZ",
                "MY",
                "MX",
                "IL",
                "FQ",
                "FR",
                "IO",
                "FX",
                "SH",
                "JP",
                "RE",
                "SJ",
                "FI",
                "FJ",
                "FK",
                "MA",
                "FM",
                "FO",
                "NH",
                "NI",
                "NL",
                "NO",
                "NA",
                "VU",
                "NC",
                "NE",
                "NF",
                "NG",
                "NZ",
                "ES",
                "NP",
                "NQ",
                "NR",
                "NT",
                "NU",
                "CK",
                "CI",
                "CH",
                "CO",
                "CN",
                "CM",
                "CL",
                "CC",
                "CA",
                "CG",
                "CF",
                "CD",
                "CZ",
                "CY",
                "CX",
                "CS",
                "CR",
                "CW",
                "CV",
                "CU",
                "CT",
                "SZ",
                "SY",
                "SX",
                "KG",
                "KE",
                "SS",
                "SR",
                "KI",
                "KH",
                "KN",
                "KM",
                "ST",
                "SK",
                "KR",
                "SI",
                "KP",
                "KW",
                "SN",
                "SM",
                "SL",
                "SC",
                "KZ",
                "KY",
                "SG",
                "SE",
                "SD",
                "DO",
                "DM",
                "DJ",
                "DK",
                "VG",
                "DD",
                "DE",
                "YE",
                "YD",
                "DZ",
                "US",
                "DY",
                "UY",
                "YU",
                "YT",
                "UM",
                "LB",
                "LC",
                "LA",
                "TV",
                "TW",
                "TT",
                "TR",
                "LK",
                "TP",
                "LI",
                "LV",
                "TO",
                "LT",
                "LU",
                "LR",
                "LS",
                "TH",
                "TF",
                "TG",
                "TD",
                "TC",
                "LY",
                "VA",
                "VC",
                "AE",
                "AD",
                "AG",
                "AF",
                "AI",
                "VI",
                "IS",
                "IR",
                "AM",
                "AL",
                "AO",
                "AN",
                "AQ",
                "AS",
                "AR",
                "AU",
                "AT",
                "AW",
                "IN",
                "AX",
                "AZ",
                "IE",
                "ID",
                "UA",
                "QA",
                "MZ"
            ],
            "maxLength": 2,
            "minLength": 2,
            "title": "ISO 3166-1 or 3166-3 alpha 2 country code",
            "type": "string"
        },
        "latitude": {
            "description": ":example: 50.7736",
            "title": "Latitude of the location",
            "type": "number"
        },
        "longitude": {
            "description": ":example: 6.07532",
            "title": "Longitude of the location",
            "type": "number"
        },
        "place_name": {
            "description": "Name of the specific place where this is located.\n\n- For a Conference record, this could be an institution or a hotel\n  hosting the conference.\n\n  :MARC: ``270__b``\n  :example: ``Dan Panorama hotel``\n\n- For an Institution record representing an independent institute\n  and not a department, this could be a university where it is\n  located.\n\n  :MARC: Not present.\n  :example: ``U. Libre Brussels``",
            "minLength": 1,
            "type": "string"
        },
        "postal_address": {
            "description": "Full postal address in the original language, with\none element for every line, but excluding the country.\n\n:example: ``[\"Notkestra\u00dfe 85\", \"22607 Hamburg\"]``\n\n.. note::\n\n    This is used for Institution records, but not for Conferences.",
            "items": {
                "minLength": 1,
                "type": "string"
            },
            "minItems": 1,
            "type": "array",
            "uniqueItems": false
        },
        "postal_code": {
            "description": ":example: 1050",
            "minLength": 1,
            "title": "Postal code of the location",
            "type": "string"
        },
        "state": {
            "description": "For American states, standard 2-letter codes are used.\n\n:example: TX",
            "minLength": 1,
            "title": "State or province of the location",
            "type": "string"
        }
    },
    "title": "Location associated to the record",
    "type": "object"
}
