{
    "description": "Language code according to `ISO 639-1\n<https://en.wikipedia.org/wiki/List_of_ISO_639-1_codes>`_.\n\n:example: ``el`` for Greek.",
    "enum": [
        "aa",
        "ab",
        "af",
        "ak",
        "am",
        "ar",
        "an",
        "as",
        "av",
        "ae",
        "ay",
        "az",
        "ba",
        "bm",
        "be",
        "bn",
        "bi",
        "bo",
        "bs",
        "br",
        "bg",
        "ca",
        "cs",
        "ch",
        "ce",
        "cu",
        "cv",
        "kw",
        "co",
        "cr",
        "cy",
        "da",
        "de",
        "dv",
        "dz",
        "el",
        "en",
        "eo",
        "et",
        "eu",
        "ee",
        "fo",
        "fa",
        "fj",
        "fi",
        "fr",
        "fy",
        "ff",
        "gd",
        "ga",
        "gl",
        "gv",
        "gn",
        "gu",
        "ht",
        "ha",
        "sh",
        "he",
        "hz",
        "hi",
        "ho",
        "hr",
        "hu",
        "hy",
        "ig",
        "io",
        "ii",
        "iu",
        "ie",
        "ia",
        "id",
        "ik",
        "is",
        "it",
        "jv",
        "ja",
        "kl",
        "kn",
        "ks",
        "ka",
        "kr",
        "kk",
        "km",
        "ki",
        "rw",
        "ky",
        "kv",
        "kg",
        "ko",
        "kj",
        "ku",
        "lo",
        "la",
        "lv",
        "li",
        "ln",
        "lt",
        "lb",
        "lu",
        "lg",
        "mh",
        "ml",
        "mr",
        "mk",
        "mg",
        "mt",
        "mn",
        "mi",
        "ms",
        "my",
        "na",
        "nv",
        "nr",
        "nd",
        "ng",
        "ne",
        "nl",
        "nn",
        "nb",
        "no",
        "ny",
        "oc",
        "oj",
        "or",
        "om",
        "os",
        "pa",
        "pi",
        "pl",
        "pt",
        "ps",
        "qu",
        "rm",
        "ro",
        "rn",
        "ru",
        "sg",
        "sa",
        "si",
        "sk",
        "sl",
        "se",
        "sm",
        "sn",
        "sd",
        "so",
        "st",
        "es",
        "sq",
        "sc",
        "sr",
        "ss",
        "su",
        "sw",
        "sv",
        "ty",
        "ta",
        "tt",
        "te",
        "tg",
        "tl",
        "th",
        "ti",
        "to",
        "tn",
        "ts",
        "tk",
        "tr",
        "tw",
        "ug",
        "uk",
        "ur",
        "uz",
        "ve",
        "vi",
        "vo",
        "wa",
        "wo",
        "xh",
        "yi",
        "yo",
        "za",
        "zh",
        "zu"
    ],
    "maxLength": 2,
    "minLength": 2,
    "title": "ISO 639-1 alpha 2 language code",
    "type": "string"
}
