{
    "additionalProperties": false,
    "description": ":MARC: ``78002``, ``78502``, ``78708```and ``510`` (depending on type of\n    record and :ref:`related_record.json#/properties/relation`)",
    "properties": {
        "curated_relation": {
            "type": "boolean"
        },
        "record": {
            "additionalProperties": false,
            "properties": {
                "$ref": {
                    "description": "URL to the referenced resource",
                    "format": "uri",
                    "minLength": 1,
                    "type": "string"
                }
            },
            "required": [
                "$ref"
            ],
            "title": "Reference to another record",
            "type": "object"
        },
        "relation": {
            "description": "The possible values are:\n\n``predecessor``\n    :MARC: ``510__w:a`` (for Institutions and Experiments),\n        ``530__w:a`` (for Journals) or the field comes from\n        ``78002`` (for Literature).\n\n    The related record is a predecessor of the current one, i.e.\n    the current record supersedes the related one.\n\n    - For a Literature record, this is typically the case if the\n      related record is a preliminary note and this record is the\n      final version.\n    - For a Journal record, this happens when the journal has\n      changed name: the related record has the previous name and\n      this one the new name.\n    - For an Institution record, this means that the related record\n      represents an institution that does no longer exist and has\n      become the one represented by this record.\n    - For a Project record, this happens when the related record is\n      a project that finished and was superseded by the one in this\n      record (e.g. two successive runs of an experiment).\n\n``successor``\n    :MARC: ``510__w:b`` (for Institutions and Experiments),\n        ``530__w:b`` (for Journals) or the field comes from\n        ``78502`` (for Literature).\n\n    The related record is a successor of the current one, i.e.\n    the current record is superseded by the related one.\n\n    - For a Literature record, this is typically the case if the\n      current record is a preliminary note and the related record is the\n      final version.\n    - For a Journal record, this happens when the journal has\n      changed name: the current record has the previous name and\n      the related one the new name.\n    - For an Institution record, this means that the current record\n      represents an institution that does no longer exist and has\n      become the one represented by the related record.\n    - For a Project record, this happens when the current record is\n      a project that finished and was superseded by the related\n      record (e.g. two successive runs of an experiment).\n\n``parent``\n    :MARC: ``510__w:t`` (for an Institution record)\n\n    The related record is the parent of the current one, i.e. the\n    current record is a child of the related one.\n\n    - For an Institution record, this means that the related record\n      represents a parent institution (e.g. a university if this\n      record is a department).\n\n``commented``\n    :MARC: ``78708i:commented`` (for a Literature record)\n\n    The related record has been commented by the current one, i.e.\n    the current record is a comment on the related one.\n\n    .. note::\n\n       This only makes sense for a Literature record.\n\n\nIf none of the relations apply, a free textual relation can be\nprovided in :ref:`relation_freetext`.\n\n.. note::\n\n    Only one directional links are currently allowed for technical\n    reasons, but this should change in the future when Inspire can\n    handle atomic updates of the two directions. For example,\n    ``78502`` is currently discarded.",
            "enum": [
                "predecessor",
                "successor",
                "parent",
                "commented"
            ],
            "minLength": 1,
            "title": "Relation of the linked record to this one",
            "type": "string"
        },
        "relation_freetext": {
            "description": ":MARC: ``510__i`` (for Institutions and Experiments), ``530__i``\n    (for Journals) or ``78708i`` (for Literature).\n\nIf none of the standard relations in :ref:`relation` fit, a textual\nrelation can alternatively be provided here.",
            "minLength": 1,
            "type": "string"
        }
    },
    "required": [
        "record"
    ],
    "title": "Decorated link to a related record",
    "type": "object"
}
