{
    "additionalProperties": false,
    "description": ":MARC: ``8564``",
    "properties": {
        "description": {
            "description": ":MARC: ``8654__y``",
            "minLength": 1,
            "type": "string"
        },
        "value": {
            "description": ":MARC: ``8564_u``",
            "format": "uri",
            "minLength": 1,
            "type": "string"
        }
    },
    "required": [
        "value"
    ],
    "title": "URL of related document",
    "type": "object"
}
