{
  "autorest": "3.4.2",
  "use": [
    "@autorest/python@5.8.1",
    "@autorest/modelerfour@4.19.2"
  ],
  "commit": "7f530e3727f746e26f5b5ece8a5874daf10cc56f",
  "repository_url": "https://github.com/Azure/azure-rest-api-specs",
  "autorest_command": "autorest specification/recoveryservices/resource-manager/readme.md --multiapi --python --python-mode=update --python-sdks-folder=/home/vsts/work/1/s/azure-sdk-for-python/sdk --track2 --use=@autorest/python@5.8.1 --use=@autorest/modelerfour@4.19.2 --version=3.4.2",
  "readme": "specification/recoveryservices/resource-manager/readme.md"
}