{
  "autorest": "3.4.5",
  "use": [
    "@autorest/python@5.8.4",
    "@autorest/modelerfour@4.19.2"
  ],
  "commit": "cfa9e0f3df4553767d7915ec8f471ff7d4931ed1",
  "repository_url": "https://github.com/Azure/azure-rest-api-specs",
  "autorest_command": "autorest specification/storage/resource-manager/readme.md --multiapi --python --python-mode=update --python-sdks-folder=/home/vsts/work/1/s/azure-sdk-for-python/sdk --track2 --use=@autorest/python@5.8.4 --use=@autorest/modelerfour@4.19.2 --version=3.4.5",
  "readme": "specification/storage/resource-manager/readme.md"
}