{
  "autorest": "3.4.2",
  "use": [
    "@autorest/python@5.8.0",
    "@autorest/modelerfour@4.19.1"
  ],
  "commit": "aac59eea2fb1c142fd371c9c1886f33713e494a2",
  "repository_url": "https://github.com/Azure/azure-rest-api-specs",
  "autorest_command": "autorest specification/reservations/resource-manager/readme.md --multiapi --python --python-mode=update --python-sdks-folder=/home/vsts/work/1/s/azure-sdk-for-python/sdk --track2 --use=@autorest/python@5.8.0 --use=@autorest/modelerfour@4.19.1 --version=3.4.2",
  "readme": "specification/reservations/resource-manager/readme.md"
}