{
  "name": "Simplified Chinese to Traditional Chinese (Hong Kong standard)",
  "segmentation": {
    "type": "mmseg",
    "dict": {
      "type": "ocd2",
      "file": "STPhrases.ocd2"
    }
  },
  "conversion_chain": [{
    "dict": {
      "type": "group",
      "dicts": [{
        "type": "ocd2",
        "file": "STPhrases.ocd2"
      }, {
        "type": "ocd2",
        "file": "STCharacters.ocd2"
      }]
    }
  }, {
    "dict": {
      "type": "group",
      "dicts": [{
        "type": "ocd2",
        "file": "HKVariants.ocd2"
      }] 
    }
  }]
}
