{
  "autorest": "3.0.6369",
  "use": "@autorest/python@5.6.2",
  "commit": "58f2489b1dc4752b6470d45e30ed1bd2469741f3",
  "repository_url": "https://github.com/Azure/azure-rest-api-specs",
  "autorest_command": "autorest specification/hanaonazure/resource-manager/readme.md --multiapi --python --python-mode=update --python-sdks-folder=/home/vsts/work/1/s/azure-sdk-for-python/sdk --track2 --use=@autorest/python@5.6.2 --version=3.0.6369",
  "readme": "specification/hanaonazure/resource-manager/readme.md"
}