{
  "autorest": "3.4.5",
  "use": [
    "@autorest/python@5.8.4",
    "@autorest/modelerfour@4.19.2"
  ],
  "commit": "ac1c84fa8c897975b88a38a66dd64d54312a1422",
  "repository_url": "https://github.com/Azure/azure-rest-api-specs",
  "autorest_command": "autorest specification/authorization/resource-manager/readme.md --multiapi --python --python-mode=update --python-sdks-folder=/home/vsts/work/1/s/azure-sdk-for-python/sdk --track2 --use=@autorest/python@5.8.4 --use=@autorest/modelerfour@4.19.2 --version=3.4.5",
  "readme": "specification/authorization/resource-manager/readme.md"
}