{
  "autorest": "3.4.2",
  "use": [
    "@autorest/python@5.8.0",
    "@autorest/modelerfour@4.19.2"
  ],
  "commit": "d3a5ab585146ee8ee09f43eb0948c45daacd36f7",
  "repository_url": "https://github.com/Azure/azure-rest-api-specs",
  "autorest_command": "autorest specification/cognitiveservices/resource-manager/readme.md --multiapi --python --python-mode=update --python-sdks-folder=/home/vsts/work/1/s/azure-sdk-for-python/sdk --track2 --use=@autorest/python@5.8.0 --use=@autorest/modelerfour@4.19.2 --version=3.4.2",
  "readme": "specification/cognitiveservices/resource-manager/readme.md"
}